{
    "specialized_data": {
        "value": {},
        "class_name": "specialized_data",
        "data_type": "dict",
        "unit": null
    },
    "analysis_standard": {
        "value": null,
        "class_name": "analysis_standard",
        "data_type": "NoneType",
        "unit": null
    },
    "software_version": {
        "value": "1.0",
        "class_name": "software_version",
        "data_type": "str",
        "unit": null
    },
    "entity_version": {
        "value": "1.0",
        "class_name": "entity_version",
        "data_type": "str",
        "unit": null
    },
    "database_id": {
        "value": null,
        "class_name": "database_id",
        "data_type": "NoneType",
        "unit": null
    },
    "created_at": {
        "value": "2024-11-08T22:52:18.116863",
        "class_name": "created_at",
        "data_type": "str",
        "unit": null
    },
    "last_modified_at": {
        "value": null,
        "class_name": "last_modified_at",
        "data_type": "NoneType",
        "unit": null
    },
    "data_state": {
        "value": "raw",
        "class_name": "data_state",
        "data_type": "str_enum",
        "unit": null
    },
    "is_data_valid": {
        "value": false,
        "class_name": "is_data_valid",
        "data_type": "bool",
        "unit": null
    },
    "is_saved": {
        "value": false,
        "class_name": "is_saved",
        "data_type": "bool",
        "unit": null
    },
    "has_hysteresis": {
        "value": false,
        "class_name": "has_hysteresis",
        "data_type": "bool",
        "unit": null
    },
    "is_visualization_only": {
        "value": false,
        "class_name": "is_visualization_only",
        "data_type": "bool",
        "unit": null
    },
    "is_sample_group": {
        "value": false,
        "class_name": "is_sample_group",
        "data_type": "bool",
        "unit": null
    },
    "tags": {
        "value": [],
        "class_name": "tags",
        "data_type": "list",
        "unit": null
    },
    "test_metadata": {
        "value": {},
        "class_name": "test_metadata",
        "data_type": "dict",
        "unit": null
    },
    "Sample Name": {
        "value": "TestSampleGroup",
        "class_name": "name",
        "data_type": "str",
        "unit": null
    },
    "Length": {
        "value": null,
        "class_name": "length",
        "data_type": "NoneType",
        "unit": "millimeter"
    },
    "Width": {
        "value": null,
        "class_name": "width",
        "data_type": "NoneType",
        "unit": "millimeter"
    },
    "Thickness": {
        "value": null,
        "class_name": "thickness",
        "data_type": "NoneType",
        "unit": "millimeter"
    },
    "['Force [N]', 'Displacement [mm]', 'Stress [MPa]', 'Strain'] File Path": {
        "value": "_raw_data_data.csv",
        "class_name": "_raw_data_file_path",
        "data_type": "DataFrame",
        "unit": null
    },
    "Cross-Sectional Area": {
        "value": 7500.0,
        "class_name": "area",
        "data_type": "float64",
        "unit": "mm^2"
    }
}