{
    "apply_zero_shift": {
        "value": false,
        "class_name": "apply_zero_shift",
        "data_type": "bool",
        "unit": null
    },
    "specialized_data": {
        "value": {},
        "class_name": "specialized_data",
        "data_type": "dict",
        "unit": null
    },
    "is_sample_group": {
        "value": true,
        "class_name": "is_sample_group",
        "data_type": "bool",
        "unit": null
    },
    "analysis_standard": {
        "value": "(General (Preliminary)",
        "class_name": "analysis_standard",
        "data_type": "str_enum",
        "unit": null
    },
    "software_version": {
        "value": "1.0",
        "class_name": "software_version",
        "data_type": "str",
        "unit": null
    },
    "entity_version": {
        "value": "1.0",
        "class_name": "entity_version",
        "data_type": "str",
        "unit": null
    },
    "database_id": {
        "value": null,
        "class_name": "database_id",
        "data_type": "NoneType",
        "unit": null
    },
    "created_at": {
        "value": "2024-11-11T17:33:54.669966",
        "class_name": "created_at",
        "data_type": "str",
        "unit": null
    },
    "last_modified_at": {
        "value": null,
        "class_name": "last_modified_at",
        "data_type": "NoneType",
        "unit": null
    },
    "data_state": {
        "value": "raw",
        "class_name": "data_state",
        "data_type": "str_enum",
        "unit": null
    },
    "is_data_valid": {
        "value": false,
        "class_name": "is_data_valid",
        "data_type": "bool",
        "unit": null
    },
    "is_saved": {
        "value": false,
        "class_name": "is_saved",
        "data_type": "bool",
        "unit": null
    },
    "has_hysteresis": {
        "value": false,
        "class_name": "has_hysteresis",
        "data_type": "bool",
        "unit": null
    },
    "is_visualization_only": {
        "value": false,
        "class_name": "is_visualization_only",
        "data_type": "bool",
        "unit": null
    },
    "tags": {
        "value": [],
        "class_name": "tags",
        "data_type": "list",
        "unit": null
    },
    "test_metadata": {
        "value": {},
        "class_name": "test_metadata",
        "data_type": "dict",
        "unit": null
    },
    "Sample Name": {
        "value": "Generic_Sample_Group",
        "class_name": "name",
        "data_type": "str",
        "unit": null
    },
    "Length": {
        "value": null,
        "class_name": "length",
        "data_type": "NoneType",
        "unit": "millimeter"
    },
    "Width": {
        "value": null,
        "class_name": "width",
        "data_type": "NoneType",
        "unit": "millimeter"
    },
    "Thickness": {
        "value": null,
        "class_name": "thickness",
        "data_type": "NoneType",
        "unit": "millimeter"
    },
    "validator": {
        "value": null,
        "class_name": "validator",
        "data_type": "NoneType",
        "unit": null
    },
    "aggregation_strategy": {
        "value": {},
        "class_name": "aggregation_strategy",
        "data_type": "dict",
        "unit": null
    },
    "Cross-Sectional Area": {
        "value": 7500.0,
        "class_name": "area",
        "data_type": "float64",
        "unit": "mm^2"
    },
    "Density": {
        "value": 0.00022142857142857142,
        "class_name": "density",
        "data_type": "float64",
        "unit": "g/cm^3"
    },
    "Displacement_Shift": {
        "value": 0,
        "class_name": "shift_appiled_to_displacement",
        "data_type": "int",
        "unit": "mm"
    },
    "Force_Shift": {
        "value": 0,
        "class_name": "shift_appiled_to_force",
        "data_type": "int",
        "unit": "N"
    },
    "Strain_Shift": {
        "value": 0,
        "class_name": "shift_appiled_to_strain",
        "data_type": "int",
        "unit": "mm"
    },
    "Stress_Shift": {
        "value": 0,
        "class_name": "shift_appiled_to_stress",
        "data_type": "int",
        "unit": "MPa"
    },
    "Volume": {
        "value": 675000.0,
        "class_name": "volume",
        "data_type": "float64",
        "unit": "mm^3"
    },
    "['Time [s]', 'Force [N]', 'Displacement [mm]', 'Stress [MPa]', 'Strain'] File Path": {
        "value": "_raw_data_data.csv",
        "class_name": "_raw_data_file_path",
        "data_type": "DataFrame",
        "unit": null
    },
    "['Force [N]', 'Displacement [mm]', 'Stress [MPa]', 'Strain'] File Path": {
        "value": "processed_data_data.csv",
        "class_name": "processed_data_file_path",
        "data_type": "DataFrame",
        "unit": null
    },
    "['Hysteresis Time [s]', 'Hysteresis Force [N]', 'Hysteresis Displacement [mm]', 'Hysteresis Stress [MPa]', 'Hysteresis Strain'] File Path": {
        "value": "processed_data_hysteresis_data.csv",
        "class_name": "processed_data_hysteresis_file_path",
        "data_type": "DataFrame",
        "unit": null
    },
    "Samples": {
        "value": [
            "SampleGeneric(Generic_Sample_1)_Samples",
            "SampleGeneric(Generic_Sample_2)_Samples"
        ],
        "class_name": "samples_children",
        "data_type": "list",
        "unit": null
    }
}